INSERT INTO boperations.profiles (id, created_at)
VALUES ('d52e7c9e-c9b9-423c-9e4f-1a35145a2182', '2024-03-01 14:20:36.225430'), -- user1
       ('b2e0413e-45e3-40de-920c-ce1c2bc31d9f', '2024-03-02 16:22:27.439769'), -- user2
       ('35795899-aaa6-41eb-8dd4-e08432393940', '2024-03-02 18:12:45.037875'); -- user3

INSERT INTO boperations.profile_birthdays (id, profile_id, value, created_at, updated_at)
VALUES ('80c3c10a-612b-413c-b662-72abc5aff90b', 'd52e7c9e-c9b9-423c-9e4f-1a35145a2182', '2024-03-01 00:00:00.000000',
        '2024-03-01 14:20:36.226462', '2024-03-01 14:20:36.226469'),
       ('5a431008-d0da-4939-8da5-7aa319985cec', 'b2e0413e-45e3-40de-920c-ce1c2bc31d9f', '2024-03-02 00:00:00.000000',
        '2024-03-02 16:22:27.440500', '2024-03-02 16:22:27.440514'),
       ('a3077143-e046-473d-8a5d-71677f6b0dc6', '35795899-aaa6-41eb-8dd4-e08432393940', '2024-03-03 00:00:00.000000',
        '2024-03-02 18:12:45.038784', '2024-03-02 18:12:45.038796');

INSERT INTO boperations.profile_emails (id, profile_id, value, created_at, updated_at)
VALUES ('cf0b25d5-6110-4a29-a80d-b1737a4985a3', 'd52e7c9e-c9b9-423c-9e4f-1a35145a2182', 'user1@example.com',
        '2024-03-01 14:20:36.228058', '2024-03-01 14:20:36.228065'),
       ('7bfcebfc-be32-4fb8-8d83-2f84893d9c2e', 'b2e0413e-45e3-40de-920c-ce1c2bc31d9f', 'user2@example.com',
        '2024-03-02 16:22:27.441897', '2024-03-02 16:22:27.441922'),
       ('53c850b9-51c0-491c-b64c-f907891a4d1a', '35795899-aaa6-41eb-8dd4-e08432393940', 'user3@example.com',
        '2024-03-02 18:12:45.040029', '2024-03-02 18:12:45.040039');

INSERT INTO boperations.profile_names (id, profile_id, value, created_at, updated_at)
VALUES ('8a91c48c-5065-4724-bb57-62a3cf5a86ae', 'd52e7c9e-c9b9-423c-9e4f-1a35145a2182', 'Test User1',
        '2024-03-01 14:20:36.229689', '2024-03-01 14:20:36.229698'),
       ('77ae432f-ea81-4f1c-98a2-f9013114d2e3', 'b2e0413e-45e3-40de-920c-ce1c2bc31d9f', 'Test User2',
        '2024-03-02 16:22:27.444342', '2024-03-02 16:22:27.444402'),
       ('d3522841-bd8a-40de-87c2-61a5833ceaa1', '35795899-aaa6-41eb-8dd4-e08432393940', 'Test User3',
        '2024-03-02 18:12:45.041059', '2024-03-02 18:12:45.041080');

INSERT INTO boperations.profile_phones (id, profile_id, value, created_at, updated_at)
VALUES ('a431f67f-ac83-4a4b-aeed-1733cc8a5992', 'd52e7c9e-c9b9-423c-9e4f-1a35145a2182', '79999999999',
        '2024-03-01 14:20:36.231109', '2024-03-01 14:20:36.231118'),
       ('cdfdffd6-8292-483b-b7a9-e21d32b32690', 'b2e0413e-45e3-40de-920c-ce1c2bc31d9f', '77777777777',
        '2024-03-02 16:22:27.447275', '2024-03-02 16:22:27.447321'),
       ('a431f67f-ac83-4a4b-aeed-1733cc8a5993', 'd52e7c9e-c9b9-423c-9e4f-1a35145a2182', '78888888888',
        '2024-03-02 14:20:36.231109', '2024-03-02 14:20:36.231118'),
       ('728e72ef-f981-49f9-a304-8da2ca30cabd', '35795899-aaa6-41eb-8dd4-e08432393940', '76666666666',
        '2024-03-02 18:12:45.042053', '2024-03-02 18:12:45.042061');
